Adam, Smith, acsmith1
Heidi, Smith, hesmith
Andrea, Smith, agsmith1
Myra, Spoden, msspoden
Shawn, Stickler, smstickler
Melissa, Stile, mmstile
Robin, Taylor, rbtaylor
Miruna, Tecuci, mgtecuci
Ilsa, Tinkelman, imtinkelman
Ann, Tipton, amtipton
Amal, Abdelhaq, amabdelhaq
Edgardo, Aguas, eaguas
Albert, Ament, ajament
Anne, Applin, aeapplin
Danielle, Armstrong, dsarmstrong
David, Arthur, drarthur
Michael, Auerbach, mlauerbach
Allison, Bailey, akbailey
Tico, Barclay, tbarclay
Esther, Barkat, eubarkat
Leslie, Barnhart, lcbarnhart
Clinton, Behling, cjbehling
David, Bell, dbell
Marion, Billington, mlbillington
Ann, Bonitatibus, anbonitatibu
Monte, Bourjaily, mfbourjaily
Sean, Burke, spburke
Mary, Burnett, msburnett
Isaac, Carey, ijcarey
Denise, Castaldo, dcastaldo
Blanca, Chavez, bnchavez
Mian, Chen, mchen
Suvraj, Chhabra, skchhabra
Hee, Choi, hcchoi
Connie, Chow, cnchow
Margaret, Coffey, mecoffey
Christine, Conklin, clconklin
Robert, Culbertson, rhculbertson
Timothy, Davis, tadavis2
Andre, De Megret, aedemegret
Sonia, Del Cerro, sdelcerro
Charles, Dela Cuesta, cmdelacuesta
John, Dell, jcdell
Dorothy, Diggs, dadiggs
Quang, Du, qpdu
Martin, Dubin, msdubin
Malcolm, Eckel, mceckel
Brian, Field, bjfield
Jennifer, Fisher, jmfisher
Victoria, Fisher, vfisher
Adam, Foreman, awforeman
Mark, Forgash, mforgash
Catherine, Forrester, caforrester
Shawn, Frank, sjfrank
Peter, Gabor, pcgabor
Patricia, Gabriel, pmgabriel
Ria, Galanos, rgalanos
David, Gardziel, dsgardziel
Monica, Geiger, mggeiger
Margaret, Gendive, magendive
Maria, Gilbert, mdgilbert
Stephanie, Glotfelty, slglotfelty
Nancy, Glover, neglover
Molly, Gorman, mggorman
Mark, Gray-Mendes, mwgraymendes
Maria, Guardado, mdguardado
Sara, Guerra Chirinos, scguerrachir
Kerry, Hamblin, kchamblin
Teresa, Hamrick, tdhamrick
Mark, Hannum, mshannum
Erinn, Harris, eharris1
Lee Ann, Hennig, lahennig
Suzette, Henry, shenry
Reina, Hernandez, rehernandez
David, Hill, dlhill2
Berkeley, Hodges, brhodges
Aubrie, Holman, asholman
Men, Huynh, mhuynh
Jeffrey, James, jcjames
Jennifer, James, jjames1
Kathy, Janac, kejanac
Malhaz, Jibladze, mjibladze
Alouf, JirariScavotto, ajirariscavo
Ashley, Jones, arjones
Darcie, Jones, djones3
Emil, Jurj, ejurj
Kathleen, Juster, kmjuster
Amarjit, Kaler, akkaler
Hadan, Kauffman, hekauffman
Manjeet, Kaur, mkaur3
Brian, Kennedy, bjkennedy
Christina, Ketchem, czketchem
Nadeem, Khan, nakhan
Nicole, Kim, njkim
Hyon, Kim, hnkim
Lona, Klein, lcklein
Rae, Kobren, rekobren
Mary, Kochman, mbkochman
Brandon, Kosatka, bpkosatka
Paul, Kosek, pckosek
Eileen, Kropf, efkropf
John, Laffey, jwlaffey
Alfred, Lampazzi, alampazzi
Amy, Lampazzi, anlampazzi
Michelle, Lang Boswell, mslangboswel
Thomas, Larson, tglarson
Bridget, Laszewski, balaszewski
Marie, Lauducci, mblauducci
Juana, Laursen, jmlaursen
Susie, Lebryk-Chao, slebrykchao
Jong-Suk, Lee, jmlee1
Kumja, Lee, klee
Corey, Lightner, cllightner
Patricia, Lister, phlister
Ming, Liu, mgliu
Laura, Locklear, lllocklear
Catherine, Love, cmlove
Susan, Martinez, smartine
Carla, Martinez, cpmartinez
Nannette, Mateo, nmateo
Kacey, McAleer, kwmcaleer
Robert, McCormick, rdmccormick
Omar, Mendez, ocmendez
Michael, Miller, mhmiller2
Rachel, Mills, remills
Richard, Monteverde, rtmonteverde
Amy, Moore, ajmoore1
Peter, Morasca, pamorasca
Kathleen, Morrow, kmmorrow
Jo-Ann, Muir, jmuir
Heather, Murphy, hrmurphy
Laureen, Nelson, lhnelson
Duy, Nguyen, dvnguyen
Thanh Nhan, Nguyen, ttnguyen6
Duc, Nguyen, dnnguyen1
Manuel, Nunez, mjnunez
Berta, Orellana, blorellana
Jonathan, Osborne, jaosborne
Katrina, Oskoui, kroskoui
Silvia, Osorio, syosorio
Szilvia, Oszko, soszko
Koji, Otani, kotani
Hae, Park, hjpark
James, Paul, jepaul
Tinhvan, Phan, tphan
Charles, Phillips, cbphillips
Michael, Piccione, mspiccione
Vicky, Plescow, vjplescow
Vincent, Pollet, vppollet
Josephine, Porcelli, jgporcelli
Barry, Potoker, bnpotoker
Cynthia, Powell, capowell
Sofhia, Qamar, sqamar
Erin, Quinnette, emquinnette
Marianne, Razzino, mprazzino
Andrew, Reid, amreid
Leonel, Resquin, laresquin
Stephen, Rose, srrose
Volita, Russell, vsrussell
Aaron, Sacks, amsacks
Elizabeth, Sandstrom, ecsandstrom
Karilee, Schmitt, krschmitt
Stephen, Scholla, srscholla
Troy, Schuler, tschuler
Alexa, Scott, agscott
Catherine, Scott, cescott
Jennifer, Seavey, jaseavey
Jared, Seyler, jcseyler
Elizabeth, Sheptyck, easheptyck
Ashley, Slifka, amslifka
Shane, Torbert, smtorbert
Dan, Tra, dltra
Tung, Tran, tttran1
Tho, Tran, tptran
Cynthia, Van De Kamp Washington, cvandekampwa
Eduardo, Viscarra, eaviscarra
Tam, Vo, thvo
Jerome, Ware, jaware
LaTasha, Watson, lwatson
Elizabeth, West, ejwest
Patrick, White, pewhite
Jay, Wickliff, jdwickliff
Sherwood, Williams, sowilliams1
Margaret, Wilson, mkwilson
Samantha, Wolf, sswolf
Adam, Wong, awong1
John, Woodwell, jcwoodwell
Lisa, Wu, llwu
Qin, Xu, qxu1
Kuk, Yang, khyang
Haywon, Yi, hyi
Michael, Yohe, mayohe
Kathleen, Young, kayoung
Junpei, Yuan, jyuan
John, Zacharias, jbzacharias
David, Zack, drzack
Fakhar, Zia, fzia1
